timestamp,test_id,target_speed_kmh,trigger_speed_kmh,speed_error_kmh,trigger_gap_m,trigger_ttc_s,ttc_threshold_s,controller_processing_ms,controller_round_trip_ms,stopping_time_s,stopping_distance_m,final_gap_m,safety_margin_m,collision,result
2026-10-06T16:22:50,20_kmh,20.0,19.994,-0.006,8.281,1.4911,1.5,0.016,0.296,0.35,1.298,6.983,1.0,False,PASS
2026-10-06T16:22:51,30_kmh,30.0,30.636,0.636,12.713,1.4939,1.5,0.019,0.326,0.9,5.54,7.173,1.0,False,PASS
2026-10-06T16:22:51,40_kmh,40.0,40.403,0.403,16.33,1.4551,1.5,0.011,0.219,1.6,12.383,3.947,1.0,False,PASS
2026-10-06T16:22:52,50_kmh,50.0,50.111,0.111,20.226,1.453,1.5,0.016,0.238,2.1,20.241,0.0,1.0,True,FAIL
2026-10-06T16:28:03,20_kmh,20.0,,,,,,,,,,,1.0,False,FAIL
2026-10-06T16:28:03,30_kmh,30.0,,,,,,,,,,,1.0,False,FAIL
2026-10-06T16:28:04,40_kmh,40.0,,,,,,,,,,,1.0,False,FAIL
2026-10-06T16:28:05,50_kmh,50.0,,,,,,,,,,,1.0,False,FAIL
2026-10-06T16:28:23,20_kmh,20.0,19.994,-0.006,9.392,1.6911,1.7,0.015,0.25,0.35,1.298,8.094,1.0,False,PASS
2026-10-06T16:28:23,30_kmh,30.0,30.636,0.636,14.38,1.6898,1.7,0.026,0.336,0.9,5.54,8.839,1.0,False,PASS
2026-10-06T16:28:24,40_kmh,40.0,40.403,0.403,18.552,1.6531,1.7,0.014,0.287,1.6,12.383,6.169,1.0,False,PASS
2026-10-06T16:28:25,50_kmh,50.0,50.111,0.111,23.003,1.6526,1.7,0.013,0.249,2.25,20.934,2.069,1.0,False,PASS
